"x","z","key","id"
84,8,"doors",1
76,40,"doors",2
76,35,"doors",3
75,25,"doors",4
70,16,"doors",5
70,15,"doors",6
70,8,"doors",7
69,8,"doors",8
85,16,"walls",9
85,0,"walls",10
61,32,"doors",11
58,40,"doors",12
56,26,"doors",13
56,25,"doors",14
56,23,"doors",15
56,22,"doors",16
54,8,"doors",17
49,40,"doors",18
43,33,"doors",19
43,29,"doors",20
43,24,"doors",21
43,20,"doors",22
41,13,"doors",23
40,40,"doors",24
39,27,"doors",25
39,18,"doors",26
37,8,"doors",27
31,40,"doors",28
25,35,"doors",29
25,13,"doors",30
25,8,"doors",31
22,40,"doors",32
16,5,"doors",33
16,4,"doors",34
16,2,"doors",35
16,1,"doors",36
13,40,"doors",37
4,40,"doors",38
92,10,"walls",39
92,9,"walls",40
92,8,"walls",41
92,7,"walls",42
92,6,"walls",43
91,11,"walls",44
91,10,"walls",45
91,6,"walls",46
91,5,"walls",47
90,14,"walls",48
90,13,"walls",49
90,12,"walls",50
90,4,"walls",51
90,3,"walls",52
90,2,"walls",53
89,14,"walls",54
89,2,"walls",55
88,15,"walls",56
88,14,"walls",57
88,2,"walls",58
88,1,"walls",59
87,15,"walls",60
87,1,"walls",61
86,16,"walls",62
86,15,"walls",63
86,1,"walls",64
86,0,"walls",65
84,49,"walls",66
84,40,"walls",67
84,35,"walls",68
84,26,"walls",69
84,17,"walls",70
84,16,"walls",71
84,9,"walls",72
84,8,"doors",73
84,7,"walls",74
84,0,"walls",75
83,40,"walls",76
83,35,"walls",77
83,26,"walls",78
83,17,"walls",79
83,16,"walls",80
82,40,"walls",81
82,35,"walls",82
82,26,"walls",83
82,17,"walls",84
82,16,"walls",85
82,5,"walls",86
81,40,"walls",87
81,35,"walls",88
81,26,"walls",89
81,17,"walls",90
81,16,"walls",91
81,5,"walls",92
80,41,"walls",93
80,40,"walls",94
80,35,"walls",95
80,34,"walls",96
80,26,"walls",97
80,23,"walls",98
80,17,"walls",99
80,16,"walls",100
80,15,"walls",101
80,5,"walls",102
80,4,"walls",103
80,3,"walls",104
80,2,"walls",105
79,42,"walls",106
79,41,"walls",107
79,40,"walls",108
79,35,"walls",109
79,34,"walls",110
79,33,"walls",111
79,26,"walls",112
79,23,"walls",113
79,17,"walls",114
79,16,"walls",115
78,45,"walls",116
78,44,"walls",117
78,43,"walls",118
78,42,"walls",119
78,41,"walls",120
78,40,"walls",121
78,35,"walls",122
78,34,"walls",123
78,33,"walls",124
78,32,"walls",125
78,31,"walls",126
78,30,"walls",127
78,26,"walls",128
78,23,"walls",129
78,17,"walls",130
78,16,"walls",131
78,15,"walls",132
77,40,"walls",133
77,35,"walls",134
77,26,"walls",135
77,23,"walls",136
77,22,"walls",137
77,17,"walls",138
77,16,"walls",139
76,40,"doors",140
76,35,"doors",141
76,26,"walls",142
76,23,"walls",143
76,22,"walls",144
76,21,"walls",145
76,17,"walls",146
76,16,"walls",147
75,49,"walls",148
75,48,"walls",149
75,47,"walls",150
75,46,"walls",151
75,45,"walls",152
75,44,"walls",153
75,43,"walls",154
75,42,"walls",155
75,41,"walls",156
75,40,"walls",157
75,35,"walls",158
75,34,"walls",159
75,33,"walls",160
75,32,"walls",161
75,31,"walls",162
75,30,"walls",163
75,29,"walls",164
75,28,"walls",165
75,27,"walls",166
75,26,"walls",167
75,25,"doors",168
75,24,"walls",169
75,23,"walls",170
75,22,"walls",171
75,21,"walls",172
75,20,"walls",173
75,19,"walls",174
75,18,"walls",175
75,17,"walls",176
75,16,"walls",177
75,15,"walls",178
75,14,"walls",179
75,13,"walls",180
75,12,"walls",181
75,11,"walls",182
75,10,"walls",183
75,9,"walls",184
75,8,"walls",185
74,40,"walls",186
74,8,"walls",187
74,7,"walls",188
73,40,"walls",189
73,8,"walls",190
73,7,"walls",191
73,6,"walls",192
72,40,"walls",193
72,8,"walls",194
72,7,"walls",195
72,6,"walls",196
72,5,"walls",197
72,4,"walls",198
71,41,"walls",199
71,40,"walls",200
71,8,"walls",201
70,42,"walls",202
70,41,"walls",203
70,40,"walls",204
70,35,"walls",205
70,17,"walls",206
70,16,"doors",207
70,15,"doors",208
70,14,"walls",209
70,13,"walls",210
70,8,"doors",211
69,45,"walls",212
69,44,"walls",213
69,43,"walls",214
69,42,"walls",215
69,41,"walls",216
69,40,"walls",217
69,35,"walls",218
69,34,"walls",219
69,33,"walls",220
69,8,"doors",221
68,40,"walls",222
68,35,"walls",223
68,34,"walls",224
68,8,"walls",225
68,7,"walls",226
68,6,"walls",227
68,5,"walls",228
68,4,"walls",229
68,3,"walls",230
68,2,"walls",231
68,1,"walls",232
68,0,"walls",233
67,40,"doors",234
67,35,"walls",235
67,8,"walls",236
66,49,"walls",237
66,48,"walls",238
66,47,"walls",239
66,46,"walls",240
66,45,"walls",241
66,44,"walls",242
66,43,"walls",243
66,42,"walls",244
66,41,"walls",245
66,40,"walls",246
66,35,"walls",247
66,8,"walls",248
65,40,"walls",249
65,35,"walls",250
65,8,"walls",251
64,40,"walls",252
64,35,"walls",253
64,8,"walls",254
63,40,"walls",255
63,35,"walls",256
63,14,"walls",257
63,8,"walls",258
62,41,"walls",259
62,40,"walls",260
62,35,"walls",261
62,15,"walls",262
62,14,"walls",263
62,8,"walls",264
61,42,"walls",265
61,41,"walls",266
61,40,"walls",267
61,35,"walls",268
61,34,"walls",269
61,33,"doors",270
61,32,"doors",271
61,31,"walls",272
61,14,"walls",273
61,13,"walls",274
61,8,"walls",275
60,45,"walls",276
60,44,"walls",277
60,43,"walls",278
60,42,"walls",279
60,41,"walls",280
60,40,"walls",281
60,8,"walls",282
59,40,"walls",283
59,8,"walls",284
58,40,"doors",285
58,8,"walls",286
58,7,"walls",287
57,49,"walls",288
57,48,"walls",289
57,47,"walls",290
57,46,"walls",291
57,45,"walls",292
57,44,"walls",293
57,43,"walls",294
57,42,"walls",295
57,41,"walls",296
57,40,"walls",297
57,8,"walls",298
57,7,"walls",299
57,6,"walls",300
56,40,"walls",301
56,35,"walls",302
56,34,"walls",303
56,33,"walls",304
56,32,"walls",305
56,31,"walls",306
56,30,"walls",307
56,29,"walls",308
56,28,"walls",309
56,27,"walls",310
56,26,"doors",311
56,25,"doors",312
56,24,"walls",313
56,23,"doors",314
56,22,"doors",315
56,21,"walls",316
56,20,"walls",317
56,19,"walls",318
56,18,"walls",319
56,17,"walls",320
56,16,"walls",321
56,15,"walls",322
56,14,"walls",323
56,13,"walls",324
56,8,"walls",325
56,7,"walls",326
56,6,"walls",327
56,5,"walls",328
56,4,"walls",329
55,40,"walls",330
55,35,"walls",331
55,34,"walls",332
55,33,"walls",333
55,24,"walls",334
55,15,"walls",335
55,14,"walls",336
55,13,"walls",337
55,8,"walls",338
54,40,"walls",339
54,35,"walls",340
54,34,"walls",341
54,24,"walls",342
54,14,"walls",343
54,13,"walls",344
54,8,"doors",345
53,41,"walls",346
53,40,"walls",347
53,35,"walls",348
53,24,"walls",349
53,13,"walls",350
53,8,"walls",351
53,7,"walls",352
53,6,"walls",353
53,5,"walls",354
53,4,"walls",355
53,3,"walls",356
53,2,"walls",357
53,1,"walls",358
53,0,"walls",359
52,42,"walls",360
52,41,"walls",361
52,40,"walls",362
52,35,"walls",363
52,24,"walls",364
52,13,"walls",365
52,8,"walls",366
51,45,"walls",367
51,44,"walls",368
51,43,"walls",369
51,42,"walls",370
51,41,"walls",371
51,40,"walls",372
51,35,"walls",373
51,24,"walls",374
51,13,"walls",375
51,8,"walls",376
50,40,"walls",377
50,35,"walls",378
50,24,"walls",379
50,13,"walls",380
50,8,"walls",381
49,40,"doors",382
49,35,"walls",383
49,24,"walls",384
49,13,"walls",385
49,8,"walls",386
48,49,"walls",387
48,48,"walls",388
48,47,"walls",389
48,46,"walls",390
48,45,"walls",391
48,44,"walls",392
48,43,"walls",393
48,42,"walls",394
48,41,"walls",395
48,40,"walls",396
48,35,"walls",397
48,24,"walls",398
48,13,"walls",399
48,8,"walls",400
47,40,"walls",401
47,35,"walls",402
47,34,"walls",403
47,33,"walls",404
47,32,"walls",405
47,31,"walls",406
47,30,"walls",407
47,29,"walls",408
47,28,"walls",409
47,27,"walls",410
47,26,"walls",411
47,25,"walls",412
47,24,"walls",413
47,23,"walls",414
47,22,"walls",415
47,21,"doors",416
47,20,"walls",417
47,19,"walls",418
47,18,"walls",419
47,17,"walls",420
47,16,"walls",421
47,15,"walls",422
47,14,"walls",423
47,13,"walls",424
47,8,"walls",425
46,40,"walls",426
46,35,"walls",427
46,34,"walls",428
46,33,"walls",429
46,32,"walls",430
46,31,"walls",431
46,30,"walls",432
46,29,"walls",433
46,28,"walls",434
46,27,"walls",435
46,26,"walls",436
46,25,"walls",437
46,24,"walls",438
46,23,"walls",439
46,22,"walls",440
46,21,"doors",441
46,20,"walls",442
46,19,"walls",443
46,18,"walls",444
46,17,"walls",445
46,16,"walls",446
46,15,"walls",447
46,14,"walls",448
46,13,"walls",449
46,8,"walls",450
45,40,"walls",451
45,35,"walls",452
45,26,"walls",453
45,17,"walls",454
45,13,"walls",455
45,8,"walls",456
44,41,"walls",457
44,40,"walls",458
44,35,"walls",459
44,26,"walls",460
44,17,"walls",461
44,13,"walls",462
44,8,"walls",463
43,42,"walls",464
43,41,"walls",465
43,40,"walls",466
43,35,"walls",467
43,28,"walls",468
43,26,"walls",469
43,25,"walls",470
43,24,"doors",471
43,23,"walls",472
43,22,"walls",473
43,21,"walls",474
43,20,"doors",475
43,19,"walls",476
43,17,"walls",477
43,13,"walls",478
43,8,"walls",479
42,45,"walls",480
42,44,"walls",481
42,43,"walls",482
42,42,"walls",483
42,41,"walls",484
42,40,"walls",485
42,35,"walls",486
42,32,"walls",487
42,31,"walls",488
42,28,"walls",489
42,26,"walls",490
42,23,"walls",491
42,22,"walls",492
42,19,"walls",493
42,17,"walls",494
42,13,"walls",495
42,8,"walls",496
41,40,"walls",497
41,35,"walls",498
41,32,"walls",499
41,31,"walls",500
41,28,"walls",501
41,26,"walls",502
41,23,"walls",503
41,22,"walls",504
41,19,"walls",505
41,17,"walls",506
41,16,"walls",507
41,13,"doors",508
41,8,"walls",509
41,7,"walls",510
40,40,"doors",511
40,35,"walls",512
40,32,"walls",513
40,31,"walls",514
40,28,"walls",515
40,26,"walls",516
40,23,"walls",517
40,22,"walls",518
40,19,"walls",519
40,17,"walls",520
40,16,"walls",521
40,15,"walls",522
40,14,"walls",523
40,13,"walls",524
40,8,"walls",525
40,7,"walls",526
40,6,"walls",527
39,49,"walls",528
39,48,"walls",529
39,47,"doors",530
39,46,"walls",531
39,45,"walls",532
39,44,"walls",533
39,43,"walls",534
39,42,"walls",535
39,41,"walls",536
39,40,"walls",537
39,35,"walls",538
39,34,"walls",539
39,33,"walls",540
39,32,"walls",541
39,31,"walls",542
39,30,"walls",543
39,29,"walls",544
39,28,"walls",545
39,27,"doors",546
39,26,"walls",547
39,25,"walls",548
39,24,"walls",549
39,23,"walls",550
39,22,"walls",551
39,21,"walls",552
39,20,"walls",553
39,19,"walls",554
39,18,"doors",555
39,17,"walls",556
39,16,"walls",557
39,15,"walls",558
39,14,"walls",559
39,13,"walls",560
39,8,"walls",561
39,7,"walls",562
39,6,"walls",563
39,5,"walls",564
39,4,"walls",565
38,40,"walls",566
38,8,"walls",567
37,40,"walls",568
37,8,"doors",569
36,40,"walls",570
36,8,"walls",571
36,7,"walls",572
36,6,"walls",573
36,5,"walls",574
36,4,"walls",575
36,3,"walls",576
36,2,"walls",577
36,1,"walls",578
36,0,"walls",579
35,41,"walls",580
35,40,"walls",581
35,8,"walls",582
34,42,"walls",583
34,41,"walls",584
34,40,"walls",585
34,8,"walls",586
33,45,"walls",587
33,44,"walls",588
33,43,"walls",589
33,42,"walls",590
33,41,"walls",591
33,40,"walls",592
32,40,"walls",593
31,40,"doors",594
31,32,"walls",595
31,28,"walls",596
31,24,"walls",597
31,20,"walls",598
31,16,"walls",599
30,49,"walls",600
30,48,"walls",601
30,47,"doors",602
30,46,"walls",603
30,45,"walls",604
30,44,"walls",605
30,43,"walls",606
30,42,"walls",607
30,41,"walls",608
30,40,"walls",609
30,32,"walls",610
30,28,"walls",611
30,24,"walls",612
30,20,"walls",613
30,16,"walls",614
29,40,"walls",615
29,32,"walls",616
29,31,"walls",617
29,30,"walls",618
29,29,"walls",619
29,28,"walls",620
29,27,"walls",621
29,26,"walls",622
29,25,"walls",623
29,24,"walls",624
29,23,"walls",625
29,22,"walls",626
29,21,"walls",627
29,20,"walls",628
29,19,"walls",629
29,18,"walls",630
29,17,"walls",631
29,16,"walls",632
29,8,"walls",633
28,40,"walls",634
28,32,"walls",635
28,28,"walls",636
28,24,"walls",637
28,20,"walls",638
28,16,"walls",639
28,8,"walls",640
27,40,"walls",641
27,32,"walls",642
27,28,"walls",643
27,24,"walls",644
27,20,"walls",645
27,16,"walls",646
27,8,"walls",647
27,7,"walls",648
27,6,"walls",649
27,5,"walls",650
27,4,"walls",651
27,3,"walls",652
27,2,"walls",653
27,1,"walls",654
27,0,"walls",655
26,41,"walls",656
26,40,"walls",657
26,8,"walls",658
26,0,"walls",659
25,42,"walls",660
25,41,"walls",661
25,40,"walls",662
25,35,"doors",663
25,13,"doors",664
25,8,"doors",665
25,0,"walls",666
24,45,"walls",667
24,44,"walls",668
24,43,"walls",669
24,42,"walls",670
24,41,"walls",671
24,40,"walls",672
24,8,"walls",673
24,0,"walls",674
23,40,"walls",675
23,32,"walls",676
23,28,"walls",677
23,24,"walls",678
23,20,"walls",679
23,16,"walls",680
23,8,"walls",681
23,0,"walls",682
22,40,"doors",683
22,32,"walls",684
22,28,"walls",685
22,24,"walls",686
22,20,"walls",687
22,16,"walls",688
21,49,"walls",689
21,48,"walls",690
21,47,"doors",691
21,46,"walls",692
21,45,"walls",693
21,44,"walls",694
21,43,"walls",695
21,42,"walls",696
21,41,"walls",697
21,40,"walls",698
21,32,"walls",699
21,31,"walls",700
21,30,"walls",701
21,29,"walls",702
21,28,"walls",703
21,27,"walls",704
21,26,"walls",705
21,25,"walls",706
21,24,"walls",707
21,23,"walls",708
21,22,"walls",709
21,21,"walls",710
21,20,"walls",711
21,19,"walls",712
21,18,"walls",713
21,17,"walls",714
21,16,"walls",715
21,7,"walls",716
20,40,"walls",717
20,32,"walls",718
20,28,"walls",719
20,24,"walls",720
20,20,"walls",721
20,16,"walls",722
19,40,"walls",723
19,32,"walls",724
19,28,"walls",725
19,24,"walls",726
19,20,"walls",727
19,16,"walls",728
19,7,"walls",729
18,40,"walls",730
17,41,"walls",731
17,40,"walls",732
17,11,"walls",733
17,7,"walls",734
16,42,"walls",735
16,41,"walls",736
16,40,"walls",737
16,35,"walls",738
16,13,"walls",739
16,12,"walls",740
16,11,"walls",741
16,7,"walls",742
16,6,"walls",743
16,5,"doors",744
16,4,"doors",745
16,3,"walls",746
16,2,"doors",747
16,1,"doors",748
16,0,"walls",749
15,45,"walls",750
15,44,"walls",751
15,43,"walls",752
15,42,"walls",753
15,41,"walls",754
15,40,"walls",755
15,6,"walls",756
15,0,"walls",757
14,40,"walls",758
14,6,"walls",759
14,0,"walls",760
13,40,"doors",761
13,6,"walls",762
13,0,"walls",763
12,49,"walls",764
12,48,"walls",765
12,47,"walls",766
12,46,"walls",767
12,45,"walls",768
12,44,"walls",769
12,43,"walls",770
12,42,"walls",771
12,41,"walls",772
12,40,"walls",773
12,6,"walls",774
12,0,"walls",775
11,40,"walls",776
11,6,"walls",777
11,0,"walls",778
10,40,"walls",779
10,6,"walls",780
10,0,"walls",781
9,40,"walls",782
9,6,"walls",783
9,0,"walls",784
8,41,"walls",785
8,40,"walls",786
8,6,"walls",787
8,0,"walls",788
7,42,"walls",789
7,41,"walls",790
7,40,"walls",791
7,6,"walls",792
7,0,"walls",793
6,45,"walls",794
6,44,"walls",795
6,43,"walls",796
6,42,"walls",797
6,41,"walls",798
6,40,"walls",799
6,6,"walls",800
6,0,"walls",801
5,40,"walls",802
5,0,"walls",803
4,40,"doors",804
4,0,"walls",805
3,49,"walls",806
3,40,"walls",807
3,35,"walls",808
3,0,"walls",809
2,49,"walls",810
2,0,"walls",811
1,49,"walls",812
1,0,"walls",813
0,49,"walls",814
0,0,"walls",815
92,10,"walls",894
92,9,"walls",895
92,8,"walls",896
92,7,"walls",897
92,6,"walls",898
91,11,"walls",899
91,10,"walls",900
91,6,"walls",901
91,5,"walls",902
90,14,"walls",903
90,13,"walls",904
90,12,"walls",905
90,4,"walls",906
90,3,"walls",907
90,2,"walls",908
89,14,"walls",909
89,2,"walls",910
88,15,"walls",911
88,14,"walls",912
88,2,"walls",913
88,1,"walls",914
87,15,"walls",915
87,1,"walls",916
86,16,"walls",917
86,15,"walls",918
86,1,"walls",919
86,0,"walls",920
84,49,"walls",921
84,40,"walls",922
84,35,"walls",923
84,26,"walls",924
84,17,"walls",925
84,16,"walls",926
84,9,"walls",927
84,8,"doors",928
84,7,"walls",929
84,0,"walls",930
83,40,"walls",931
83,35,"walls",932
83,26,"walls",933
83,17,"walls",934
83,16,"walls",935
82,40,"walls",936
82,35,"walls",937
82,26,"walls",938
82,17,"walls",939
82,16,"walls",940
82,5,"walls",941
81,40,"walls",942
81,35,"walls",943
81,26,"walls",944
81,17,"walls",945
81,16,"walls",946
81,5,"walls",947
80,41,"walls",948
80,40,"walls",949
80,35,"walls",950
80,34,"walls",951
80,26,"walls",952
80,23,"walls",953
80,17,"walls",954
80,16,"walls",955
80,15,"walls",956
80,5,"walls",957
80,4,"walls",958
80,3,"walls",959
80,2,"walls",960
79,42,"walls",961
79,40,"walls",962
79,35,"walls",963
79,33,"walls",964
79,26,"walls",965
79,23,"walls",966
79,17,"walls",967
79,16,"walls",968
78,45,"walls",969
78,44,"walls",970
78,43,"walls",971
78,42,"walls",972
78,41,"walls",973
78,40,"walls",974
78,35,"walls",975
78,34,"walls",976
78,33,"walls",977
78,32,"walls",978
78,31,"walls",979
78,30,"walls",980
78,26,"walls",981
78,23,"walls",982
78,17,"walls",983
78,16,"walls",984
78,15,"walls",985
77,40,"walls",986
77,35,"walls",987
77,26,"walls",988
77,23,"walls",989
77,22,"walls",990
77,17,"walls",991
77,16,"walls",992
76,40,"doors",993
76,35,"doors",994
76,26,"walls",995
76,23,"walls",996
76,21,"walls",997
76,17,"walls",998
76,16,"walls",999
75,49,"walls",1000
75,48,"walls",1001
75,47,"walls",1002
75,46,"walls",1003
75,45,"walls",1004
75,44,"walls",1005
75,43,"walls",1006
75,42,"walls",1007
75,41,"walls",1008
75,40,"walls",1009
75,35,"walls",1010
75,34,"walls",1011
75,33,"walls",1012
75,32,"walls",1013
75,31,"walls",1014
75,30,"walls",1015
75,29,"walls",1016
75,28,"walls",1017
75,27,"walls",1018
75,26,"walls",1019
75,25,"doors",1020
75,24,"walls",1021
75,23,"walls",1022
75,22,"walls",1023
75,21,"walls",1024
75,20,"walls",1025
75,19,"walls",1026
75,18,"walls",1027
75,17,"walls",1028
75,16,"walls",1029
75,15,"walls",1030
75,14,"walls",1031
75,13,"walls",1032
75,12,"walls",1033
75,11,"walls",1034
75,10,"walls",1035
75,9,"walls",1036
75,8,"walls",1037
74,40,"walls",1038
74,8,"walls",1039
74,7,"walls",1040
73,40,"walls",1041
73,8,"walls",1042
73,6,"walls",1043
72,40,"walls",1044
72,8,"walls",1045
72,7,"walls",1046
72,6,"walls",1047
72,5,"walls",1048
72,4,"walls",1049
71,41,"walls",1050
71,40,"walls",1051
70,42,"walls",1052
70,40,"walls",1053
70,35,"walls",1054
70,17,"walls",1055
70,16,"doors",1056
70,15,"doors",1057
70,14,"walls",1058
70,13,"walls",1059
70,8,"doors",1060
69,45,"walls",1061
69,44,"walls",1062
69,43,"walls",1063
69,42,"walls",1064
69,41,"walls",1065
69,40,"walls",1066
69,35,"walls",1067
69,33,"walls",1068
69,8,"doors",1069
68,40,"walls",1070
68,35,"walls",1071
68,34,"walls",1072
68,8,"walls",1073
68,7,"walls",1074
68,6,"walls",1075
68,5,"walls",1076
68,4,"walls",1077
68,3,"walls",1078
68,2,"walls",1079
68,1,"walls",1080
68,0,"walls",1081
67,40,"doors",1082
67,35,"walls",1083
67,8,"walls",1084
66,49,"walls",1085
66,48,"walls",1086
66,47,"walls",1087
66,46,"walls",1088
66,45,"walls",1089
66,44,"walls",1090
66,43,"walls",1091
66,42,"walls",1092
66,41,"walls",1093
66,40,"walls",1094
66,35,"walls",1095
66,8,"walls",1096
65,40,"walls",1097
65,35,"walls",1098
65,8,"walls",1099
64,40,"walls",1100
64,35,"walls",1101
64,8,"walls",1102
63,40,"walls",1103
63,35,"walls",1104
63,14,"walls",1105
63,8,"walls",1106
62,41,"walls",1107
62,40,"walls",1108
62,35,"walls",1109
62,15,"walls",1110
62,8,"walls",1111
61,42,"walls",1112
61,40,"walls",1113
61,35,"walls",1114
61,34,"walls",1115
61,33,"doors",1116
61,32,"doors",1117
61,31,"walls",1118
61,14,"walls",1119
61,13,"walls",1120
61,8,"walls",1121
60,45,"walls",1122
60,44,"walls",1123
60,43,"walls",1124
60,42,"walls",1125
60,41,"walls",1126
60,40,"walls",1127
60,8,"walls",1128
59,40,"walls",1129
59,8,"walls",1130
58,40,"doors",1131
58,8,"walls",1132
58,7,"walls",1133
57,49,"walls",1134
57,48,"walls",1135
57,47,"walls",1136
57,46,"walls",1137
57,45,"walls",1138
57,44,"walls",1139
57,43,"walls",1140
57,42,"walls",1141
57,41,"walls",1142
57,40,"walls",1143
57,8,"walls",1144
57,6,"walls",1145
56,40,"walls",1146
56,35,"walls",1147
56,34,"walls",1148
56,33,"walls",1149
56,32,"walls",1150
56,31,"walls",1151
56,30,"walls",1152
56,29,"walls",1153
56,28,"walls",1154
56,27,"walls",1155
56,26,"doors",1156
56,25,"doors",1157
56,24,"walls",1158
56,23,"doors",1159
56,22,"doors",1160
56,21,"walls",1161
56,20,"walls",1162
56,19,"walls",1163
56,18,"walls",1164
56,17,"walls",1165
56,16,"walls",1166
56,15,"walls",1167
56,14,"walls",1168
56,13,"walls",1169
56,8,"walls",1170
56,7,"walls",1171
56,6,"walls",1172
56,5,"walls",1173
56,4,"walls",1174
55,40,"walls",1175
55,35,"walls",1176
55,33,"walls",1177
55,24,"walls",1178
55,15,"walls",1179
55,13,"walls",1180
54,40,"walls",1181
54,35,"walls",1182
54,34,"walls",1183
54,24,"walls",1184
54,14,"walls",1185
54,13,"walls",1186
54,8,"doors",1187
53,41,"walls",1188
53,40,"walls",1189
53,35,"walls",1190
53,24,"walls",1191
53,13,"walls",1192
53,8,"walls",1193
53,7,"walls",1194
53,6,"walls",1195
53,5,"walls",1196
53,4,"walls",1197
53,3,"walls",1198
53,2,"walls",1199
53,1,"walls",1200
53,0,"walls",1201
52,42,"walls",1202
52,40,"walls",1203
52,35,"walls",1204
52,24,"walls",1205
52,13,"walls",1206
52,8,"walls",1207
51,45,"walls",1208
51,44,"walls",1209
51,43,"walls",1210
51,42,"walls",1211
51,41,"walls",1212
51,40,"walls",1213
51,35,"walls",1214
51,24,"walls",1215
51,13,"walls",1216
51,8,"walls",1217
50,40,"walls",1218
50,35,"walls",1219
50,24,"walls",1220
50,13,"walls",1221
50,8,"walls",1222
49,40,"doors",1223
49,35,"walls",1224
49,24,"walls",1225
49,13,"walls",1226
49,8,"walls",1227
48,49,"walls",1228
48,48,"walls",1229
48,47,"walls",1230
48,46,"walls",1231
48,45,"walls",1232
48,44,"walls",1233
48,43,"walls",1234
48,42,"walls",1235
48,41,"walls",1236
48,40,"walls",1237
48,35,"walls",1238
48,24,"walls",1239
48,13,"walls",1240
48,8,"walls",1241
47,40,"walls",1242
47,35,"walls",1243
47,34,"walls",1244
47,33,"walls",1245
47,32,"walls",1246
47,31,"walls",1247
47,30,"walls",1248
47,29,"walls",1249
47,28,"walls",1250
47,27,"walls",1251
47,26,"walls",1252
47,25,"walls",1253
47,24,"walls",1254
47,23,"walls",1255
47,22,"walls",1256
47,21,"doors",1257
47,20,"walls",1258
47,19,"walls",1259
47,18,"walls",1260
47,17,"walls",1261
47,16,"walls",1262
47,15,"walls",1263
47,14,"walls",1264
47,13,"walls",1265
47,8,"walls",1266
46,40,"walls",1267
46,35,"walls",1268
46,34,"walls",1269
46,33,"walls",1270
46,32,"walls",1271
46,31,"walls",1272
46,30,"walls",1273
46,29,"walls",1274
46,28,"walls",1275
46,27,"walls",1276
46,26,"walls",1277
46,25,"walls",1278
46,24,"walls",1279
46,23,"walls",1280
46,22,"walls",1281
46,21,"doors",1282
46,20,"walls",1283
46,19,"walls",1284
46,18,"walls",1285
46,17,"walls",1286
46,16,"walls",1287
46,15,"walls",1288
46,14,"walls",1289
46,13,"walls",1290
46,8,"walls",1291
45,40,"walls",1292
45,35,"walls",1293
45,26,"walls",1294
45,17,"walls",1295
45,13,"walls",1296
45,8,"walls",1297
44,41,"walls",1298
44,40,"walls",1299
44,35,"walls",1300
44,26,"walls",1301
44,17,"walls",1302
44,13,"walls",1303
44,8,"walls",1304
43,42,"walls",1305
43,40,"walls",1306
43,35,"walls",1307
43,34,"walls",1308
43,33,"doors",1309
43,32,"walls",1310
43,31,"walls",1311
43,30,"walls",1312
43,29,"doors",1313
43,28,"walls",1314
43,26,"walls",1315
43,25,"walls",1316
43,24,"doors",1317
43,23,"walls",1318
43,22,"walls",1319
43,21,"walls",1320
43,20,"doors",1321
43,19,"walls",1322
43,17,"walls",1323
43,13,"walls",1324
43,8,"walls",1325
42,45,"walls",1326
42,44,"walls",1327
42,43,"walls",1328
42,42,"walls",1329
42,41,"walls",1330
42,40,"walls",1331
42,35,"walls",1332
42,32,"walls",1333
42,31,"walls",1334
42,28,"walls",1335
42,26,"walls",1336
42,23,"walls",1337
42,22,"walls",1338
42,19,"walls",1339
42,17,"walls",1340
42,13,"walls",1341
42,8,"walls",1342
41,40,"walls",1343
41,35,"walls",1344
41,32,"walls",1345
41,31,"walls",1346
41,28,"walls",1347
41,26,"walls",1348
41,23,"walls",1349
41,22,"walls",1350
41,19,"walls",1351
41,17,"walls",1352
41,16,"walls",1353
41,13,"doors",1354
41,8,"walls",1355
41,7,"walls",1356
40,40,"doors",1357
40,35,"walls",1358
40,32,"walls",1359
40,31,"walls",1360
40,28,"walls",1361
40,26,"walls",1362
40,23,"walls",1363
40,22,"walls",1364
40,19,"walls",1365
40,17,"walls",1366
40,15,"walls",1367
40,14,"walls",1368
40,13,"walls",1369
40,8,"walls",1370
40,6,"walls",1371
39,49,"walls",1372
39,48,"walls",1373
39,47,"doors",1374
39,46,"walls",1375
39,45,"walls",1376
39,44,"walls",1377
39,43,"walls",1378
39,42,"walls",1379
39,41,"walls",1380
39,40,"walls",1381
39,35,"walls",1382
39,34,"walls",1383
39,33,"walls",1384
39,32,"walls",1385
39,31,"walls",1386
39,30,"walls",1387
39,29,"walls",1388
39,28,"walls",1389
39,27,"doors",1390
39,26,"walls",1391
39,25,"walls",1392
39,24,"walls",1393
39,23,"walls",1394
39,22,"walls",1395
39,21,"walls",1396
39,20,"walls",1397
39,19,"walls",1398
39,18,"doors",1399
39,17,"walls",1400
39,16,"walls",1401
39,15,"walls",1402
39,14,"walls",1403
39,13,"walls",1404
39,8,"walls",1405
39,7,"walls",1406
39,6,"walls",1407
39,5,"walls",1408
39,4,"walls",1409
38,40,"walls",1410
37,40,"walls",1411
37,8,"doors",1412
36,40,"walls",1413
36,8,"walls",1414
36,7,"walls",1415
36,6,"walls",1416
36,5,"walls",1417
36,4,"walls",1418
36,3,"walls",1419
36,2,"walls",1420
36,1,"walls",1421
36,0,"walls",1422
35,41,"walls",1423
35,40,"walls",1424
35,8,"walls",1425
34,42,"walls",1426
34,40,"walls",1427
34,8,"walls",1428
33,45,"walls",1429
33,44,"walls",1430
33,43,"walls",1431
33,42,"walls",1432
33,41,"walls",1433
33,40,"walls",1434
32,40,"walls",1435
31,40,"doors",1436
31,32,"walls",1437
31,28,"walls",1438
31,24,"walls",1439
31,20,"walls",1440
31,16,"walls",1441
30,49,"walls",1442
30,48,"walls",1443
30,47,"doors",1444
30,46,"walls",1445
30,45,"walls",1446
30,44,"walls",1447
30,43,"walls",1448
30,42,"walls",1449
30,41,"walls",1450
30,40,"walls",1451
30,32,"walls",1452
30,28,"walls",1453
30,24,"walls",1454
30,20,"walls",1455
30,16,"walls",1456
29,40,"walls",1457
29,32,"walls",1458
29,31,"walls",1459
29,30,"walls",1460
29,29,"walls",1461
29,28,"walls",1462
29,27,"walls",1463
29,26,"walls",1464
29,25,"walls",1465
29,24,"walls",1466
29,23,"walls",1467
29,22,"walls",1468
29,21,"walls",1469
29,20,"walls",1470
29,19,"walls",1471
29,18,"walls",1472
29,17,"walls",1473
29,16,"walls",1474
29,8,"walls",1475
28,40,"walls",1476
28,32,"walls",1477
28,28,"walls",1478
28,24,"walls",1479
28,20,"walls",1480
28,16,"walls",1481
28,8,"walls",1482
27,40,"walls",1483
27,32,"walls",1484
27,28,"walls",1485
27,24,"walls",1486
27,20,"walls",1487
27,16,"walls",1488
27,8,"walls",1489
27,7,"walls",1490
27,6,"walls",1491
27,5,"walls",1492
27,4,"walls",1493
27,3,"walls",1494
27,2,"walls",1495
27,1,"walls",1496
27,0,"walls",1497
26,41,"walls",1498
26,40,"walls",1499
26,8,"walls",1500
26,0,"walls",1501
25,42,"walls",1502
25,40,"walls",1503
25,35,"doors",1504
25,13,"doors",1505
25,8,"doors",1506
25,0,"walls",1507
24,45,"walls",1508
24,44,"walls",1509
24,43,"walls",1510
24,42,"walls",1511
24,41,"walls",1512
24,40,"walls",1513
24,8,"walls",1514
24,0,"walls",1515
23,40,"walls",1516
23,32,"walls",1517
23,28,"walls",1518
23,24,"walls",1519
23,20,"walls",1520
23,16,"walls",1521
23,8,"walls",1522
23,0,"walls",1523
22,40,"doors",1524
22,32,"walls",1525
22,28,"walls",1526
22,24,"walls",1527
22,20,"walls",1528
22,16,"walls",1529
21,49,"walls",1530
21,48,"walls",1531
21,47,"doors",1532
21,46,"walls",1533
21,45,"walls",1534
21,44,"walls",1535
21,43,"walls",1536
21,42,"walls",1537
21,41,"walls",1538
21,40,"walls",1539
21,32,"walls",1540
21,31,"walls",1541
21,30,"walls",1542
21,29,"walls",1543
21,28,"walls",1544
21,27,"walls",1545
21,26,"walls",1546
21,25,"walls",1547
21,24,"walls",1548
21,23,"walls",1549
21,22,"walls",1550
21,21,"walls",1551
21,20,"walls",1552
21,19,"walls",1553
21,18,"walls",1554
21,17,"walls",1555
21,16,"walls",1556
21,7,"walls",1557
20,40,"walls",1558
20,32,"walls",1559
20,28,"walls",1560
20,24,"walls",1561
20,20,"walls",1562
20,16,"walls",1563
19,40,"walls",1564
19,32,"walls",1565
19,28,"walls",1566
19,24,"walls",1567
19,20,"walls",1568
19,16,"walls",1569
19,7,"walls",1570
18,40,"walls",1571
17,41,"walls",1572
17,40,"walls",1573
17,11,"walls",1574
17,7,"walls",1575
16,42,"walls",1576
16,40,"walls",1577
16,35,"walls",1578
16,13,"walls",1579
16,12,"walls",1580
16,11,"walls",1581
16,7,"walls",1582
16,6,"walls",1583
16,5,"doors",1584
16,4,"doors",1585
16,3,"walls",1586
16,2,"doors",1587
16,1,"doors",1588
16,0,"walls",1589
15,45,"walls",1590
15,44,"walls",1591
15,43,"walls",1592
15,42,"walls",1593
15,41,"walls",1594
15,40,"walls",1595
15,6,"walls",1596
15,0,"walls",1597
14,40,"walls",1598
14,6,"walls",1599
14,0,"walls",1600
13,40,"doors",1601
13,6,"walls",1602
13,0,"walls",1603
12,49,"walls",1604
12,48,"walls",1605
12,47,"walls",1606
12,46,"walls",1607
12,45,"walls",1608
12,44,"walls",1609
12,43,"walls",1610
12,42,"walls",1611
12,41,"walls",1612
12,40,"walls",1613
12,6,"walls",1614
12,0,"walls",1615
11,40,"walls",1616
11,6,"walls",1617
11,0,"walls",1618
10,40,"walls",1619
10,6,"walls",1620
10,0,"walls",1621
9,40,"walls",1622
9,6,"walls",1623
9,0,"walls",1624
8,41,"walls",1625
8,40,"walls",1626
8,6,"walls",1627
8,0,"walls",1628
7,42,"walls",1629
7,40,"walls",1630
7,6,"walls",1631
7,0,"walls",1632
6,45,"walls",1633
6,44,"walls",1634
6,43,"walls",1635
6,42,"walls",1636
6,41,"walls",1637
6,40,"walls",1638
6,25,"walls",1639
6,24,"walls",1640
6,23,"walls",1641
6,22,"walls",1642
6,21,"walls",1643
6,20,"walls",1644
6,19,"walls",1645
6,18,"walls",1646
6,17,"walls",1647
6,16,"walls",1648
6,15,"walls",1649
6,14,"walls",1650
6,13,"walls",1651
6,12,"walls",1652
6,11,"walls",1653
6,10,"walls",1654
6,9,"walls",1655
6,8,"walls",1656
6,7,"walls",1657
6,6,"walls",1658
6,0,"walls",1659
5,40,"walls",1660
5,27,"walls",1661
5,26,"walls",1662
5,0,"walls",1663
4,40,"doors",1664
4,28,"walls",1665
4,0,"walls",1666
3,49,"walls",1667
3,40,"walls",1668
3,35,"walls",1669
3,31,"walls",1670
3,30,"walls",1671
3,29,"walls",1672
3,0,"walls",1673
2,49,"walls",1674
2,34,"walls",1675
2,33,"walls",1676
2,32,"walls",1677
2,0,"walls",1678
1,49,"walls",1679
1,0,"walls",1680
0,49,"walls",1681
0,0,"walls",1682
84,49,"walls",1761
84,48,"walls",1762
84,47,"walls",1763
84,46,"walls",1764
84,45,"walls",1765
84,44,"walls",1766
84,43,"walls",1767
84,42,"walls",1768
84,41,"walls",1769
84,40,"walls",1770
84,39,"walls",1771
84,38,"walls",1772
84,37,"walls",1773
84,36,"walls",1774
84,35,"walls",1775
84,34,"walls",1776
84,33,"walls",1777
84,32,"walls",1778
84,31,"walls",1779
84,30,"walls",1780
84,29,"walls",1781
84,28,"walls",1782
84,27,"walls",1783
84,26,"walls",1784
84,25,"walls",1785
84,24,"walls",1786
84,23,"walls",1787
84,22,"walls",1788
84,21,"walls",1789
84,20,"walls",1790
84,19,"walls",1791
84,18,"walls",1792
84,17,"walls",1793
84,16,"walls",1794
84,15,"walls",1795
84,14,"walls",1796
84,13,"walls",1797
84,12,"walls",1798
84,11,"walls",1799
84,10,"walls",1800
84,9,"walls",1801
84,8,"doors",1802
84,7,"walls",1803
84,6,"walls",1804
84,5,"walls",1805
84,4,"walls",1806
84,3,"walls",1807
84,2,"walls",1808
84,1,"walls",1809
84,0,"walls",1810
83,49,"walls",1811
83,46,"stairs",1812
83,44,"stairs",1813
83,40,"walls",1814
83,35,"walls",1815
83,31,"stairs",1816
83,29,"stairs",1817
83,26,"walls",1818
83,20,"stairs",1819
83,19,"stairs",1820
83,18,"stairs",1821
83,17,"walls",1822
83,16,"walls",1823
83,0,"walls",1824
82,49,"walls",1825
82,46,"stairs",1826
82,44,"stairs",1827
82,40,"walls",1828
82,35,"walls",1829
82,31,"stairs",1830
82,29,"stairs",1831
82,26,"walls",1832
82,17,"walls",1833
82,16,"walls",1834
82,5,"walls",1835
82,0,"walls",1836
81,49,"walls",1837
81,46,"stairs",1838
81,44,"stairs",1839
81,40,"walls",1840
81,35,"walls",1841
81,31,"stairs",1842
81,29,"stairs",1843
81,26,"walls",1844
81,17,"walls",1845
81,16,"walls",1846
81,11,"stairs",1847
81,9,"stairs",1848
81,5,"walls",1849
81,0,"walls",1850
80,49,"walls",1851
80,41,"walls",1852
80,40,"walls",1853
80,35,"walls",1854
80,34,"walls",1855
80,26,"walls",1856
80,23,"walls",1857
80,17,"walls",1858
80,16,"walls",1859
80,11,"stairs",1860
80,9,"stairs",1861
80,5,"walls",1862
80,4,"walls",1863
80,3,"walls",1864
80,2,"walls",1865
80,0,"walls",1866
79,49,"walls",1867
79,42,"walls",1868
79,40,"walls",1869
79,35,"walls",1870
79,33,"walls",1871
79,26,"walls",1872
79,23,"walls",1873
79,17,"walls",1874
79,16,"walls",1875
79,11,"stairs",1876
79,9,"stairs",1877
79,0,"walls",1878
78,49,"walls",1879
78,45,"walls",1880
78,44,"walls",1881
78,43,"walls",1882
78,42,"walls",1883
78,41,"walls",1884
78,40,"walls",1885
78,35,"walls",1886
78,34,"walls",1887
78,33,"walls",1888
78,32,"walls",1889
78,31,"walls",1890
78,30,"walls",1891
78,26,"walls",1892
78,23,"walls",1893
78,17,"walls",1894
78,16,"walls",1895
78,11,"stairs",1896
78,9,"stairs",1897
78,0,"walls",1898
77,49,"walls",1899
77,40,"walls",1900
77,35,"walls",1901
77,26,"walls",1902
77,23,"walls",1903
77,22,"walls",1904
77,17,"walls",1905
77,16,"walls",1906
77,0,"walls",1907
76,49,"walls",1908
76,40,"doors",1909
76,35,"doors",1910
76,26,"walls",1911
76,23,"walls",1912
76,21,"walls",1913
76,17,"walls",1914
76,16,"walls",1915
76,0,"walls",1916
75,49,"walls",1917
75,48,"walls",1918
75,47,"walls",1919
75,46,"walls",1920
75,45,"walls",1921
75,44,"walls",1922
75,43,"walls",1923
75,42,"walls",1924
75,41,"walls",1925
75,40,"walls",1926
75,35,"walls",1927
75,34,"walls",1928
75,33,"walls",1929
75,32,"walls",1930
75,31,"walls",1931
75,30,"walls",1932
75,29,"walls",1933
75,28,"walls",1934
75,27,"walls",1935
75,26,"walls",1936
75,25,"doors",1937
75,24,"walls",1938
75,23,"walls",1939
75,22,"walls",1940
75,21,"walls",1941
75,20,"walls",1942
75,19,"walls",1943
75,18,"walls",1944
75,17,"walls",1945
75,16,"walls",1946
75,15,"walls",1947
75,14,"walls",1948
75,13,"walls",1949
75,12,"walls",1950
75,11,"walls",1951
75,10,"walls",1952
75,9,"walls",1953
75,8,"walls",1954
75,0,"walls",1955
74,49,"walls",1956
74,46,"stairs",1957
74,44,"stairs",1958
74,40,"walls",1959
74,8,"walls",1960
74,7,"walls",1961
74,0,"walls",1962
73,49,"walls",1963
73,46,"stairs",1964
73,44,"stairs",1965
73,40,"walls",1966
73,8,"walls",1967
73,6,"walls",1968
73,0,"walls",1969
72,49,"walls",1970
72,46,"stairs",1971
72,44,"stairs",1972
72,40,"walls",1973
72,8,"walls",1974
72,7,"walls",1975
72,6,"walls",1976
72,5,"walls",1977
72,4,"walls",1978
72,0,"walls",1979
71,49,"walls",1980
71,41,"walls",1981
71,40,"walls",1982
71,0,"walls",1983
70,49,"walls",1984
70,42,"walls",1985
70,40,"walls",1986
70,35,"walls",1987
70,34,"walls",1988
70,33,"walls",1989
70,32,"walls",1990
70,31,"walls",1991
70,30,"walls",1992
70,29,"walls",1993
70,28,"walls",1994
70,27,"walls",1995
70,26,"walls",1996
70,25,"walls",1997
70,24,"walls",1998
70,23,"walls",1999
70,22,"walls",2000
70,21,"walls",2001
70,20,"walls",2002
70,19,"walls",2003
70,18,"walls",2004
70,17,"walls",2005
70,16,"doors",2006
70,15,"doors",2007
70,14,"walls",2008
70,13,"walls",2009
70,8,"doors",2010
70,0,"walls",2011
69,49,"walls",2012
69,45,"walls",2013
69,44,"walls",2014
69,43,"walls",2015
69,42,"walls",2016
69,41,"walls",2017
69,40,"walls",2018
69,35,"walls",2019
69,33,"walls",2020
69,13,"walls",2021
69,8,"doors",2022
69,0,"walls",2023
68,49,"walls",2024
68,40,"walls",2025
68,35,"walls",2026
68,34,"walls",2027
68,29,"stairs",2028
68,27,"stairs",2029
68,25,"stairs",2030
68,23,"stairs",2031
68,21,"stairs",2032
68,19,"stairs",2033
68,13,"walls",2034
68,8,"walls",2035
68,7,"walls",2036
68,6,"walls",2037
68,5,"walls",2038
68,4,"walls",2039
68,3,"walls",2040
68,2,"walls",2041
68,1,"walls",2042
68,0,"walls",2043
67,49,"walls",2044
67,40,"doors",2045
67,35,"walls",2046
67,29,"stairs",2047
67,28,"stairs",2048
67,27,"stairs",2049
67,26,"stairs",2050
67,25,"stairs",2051
67,24,"stairs",2052
67,23,"stairs",2053
67,22,"stairs",2054
67,21,"stairs",2055
67,20,"stairs",2056
67,19,"stairs",2057
67,13,"walls",2058
67,8,"walls",2059
67,0,"walls",2060
66,49,"walls",2061
66,48,"walls",2062
66,47,"walls",2063
66,46,"walls",2064
66,45,"walls",2065
66,44,"walls",2066
66,43,"walls",2067
66,42,"walls",2068
66,41,"walls",2069
66,40,"walls",2070
66,35,"walls",2071
66,13,"walls",2072
66,8,"walls",2073
66,0,"walls",2074
65,49,"walls",2075
65,46,"stairs",2076
65,44,"stairs",2077
65,40,"walls",2078
65,35,"walls",2079
65,13,"walls",2080
65,8,"walls",2081
65,3,"stairs",2082
65,2,"stairs",2083
65,1,"stairs",2084
65,0,"walls",2085
64,49,"walls",2086
64,46,"stairs",2087
64,44,"stairs",2088
64,40,"walls",2089
64,35,"walls",2090
64,29,"stairs",2091
64,28,"stairs",2092
64,27,"stairs",2093
64,26,"stairs",2094
64,25,"stairs",2095
64,24,"stairs",2096
64,23,"stairs",2097
64,22,"stairs",2098
64,21,"stairs",2099
64,20,"stairs",2100
64,19,"stairs",2101
64,13,"walls",2102
64,8,"walls",2103
64,0,"walls",2104
63,49,"walls",2105
63,40,"walls",2106
63,35,"walls",2107
63,29,"stairs",2108
63,27,"stairs",2109
63,25,"stairs",2110
63,23,"stairs",2111
63,21,"stairs",2112
63,19,"stairs",2113
63,14,"walls",2114
63,13,"walls",2115
63,8,"walls",2116
63,3,"stairs",2117
63,2,"stairs",2118
63,1,"stairs",2119
63,0,"walls",2120
62,49,"walls",2121
62,41,"walls",2122
62,40,"walls",2123
62,35,"walls",2124
62,15,"walls",2125
62,13,"walls",2126
62,8,"walls",2127
62,0,"walls",2128
61,49,"walls",2129
61,42,"walls",2130
61,40,"walls",2131
61,35,"walls",2132
61,34,"walls",2133
61,33,"doors",2134
61,32,"doors",2135
61,31,"walls",2136
61,30,"walls",2137
61,29,"walls",2138
61,28,"walls",2139
61,27,"walls",2140
61,26,"walls",2141
61,25,"walls",2142
61,24,"walls",2143
61,23,"walls",2144
61,22,"walls",2145
61,21,"walls",2146
61,20,"walls",2147
61,19,"walls",2148
61,18,"walls",2149
61,17,"walls",2150
61,16,"walls",2151
61,15,"walls",2152
61,14,"walls",2153
61,13,"walls",2154
61,8,"walls",2155
61,0,"walls",2156
60,49,"walls",2157
60,45,"walls",2158
60,44,"walls",2159
60,43,"walls",2160
60,42,"walls",2161
60,41,"walls",2162
60,40,"walls",2163
60,8,"walls",2164
60,0,"walls",2165
59,49,"walls",2166
59,40,"walls",2167
59,8,"walls",2168
59,0,"walls",2169
58,49,"walls",2170
58,40,"doors",2171
58,8,"walls",2172
58,7,"walls",2173
58,0,"walls",2174
57,49,"walls",2175
57,48,"walls",2176
57,47,"walls",2177
57,46,"walls",2178
57,45,"walls",2179
57,44,"walls",2180
57,43,"walls",2181
57,42,"walls",2182
57,41,"walls",2183
57,40,"walls",2184
57,8,"walls",2185
57,6,"walls",2186
57,0,"walls",2187
56,49,"walls",2188
56,46,"stairs",2189
56,44,"stairs",2190
56,40,"walls",2191
56,35,"walls",2192
56,34,"walls",2193
56,33,"walls",2194
56,32,"walls",2195
56,31,"walls",2196
56,30,"walls",2197
56,29,"walls",2198
56,28,"walls",2199
56,27,"walls",2200
56,26,"doors",2201
56,25,"doors",2202
56,24,"walls",2203
56,23,"doors",2204
56,22,"doors",2205
56,21,"walls",2206
56,20,"walls",2207
56,19,"walls",2208
56,18,"walls",2209
56,17,"walls",2210
56,16,"walls",2211
56,15,"walls",2212
56,14,"walls",2213
56,13,"walls",2214
56,8,"walls",2215
56,7,"walls",2216
56,6,"walls",2217
56,5,"walls",2218
56,4,"walls",2219
56,0,"walls",2220
55,49,"walls",2221
55,46,"stairs",2222
55,44,"stairs",2223
55,40,"walls",2224
55,35,"walls",2225
55,33,"walls",2226
55,24,"walls",2227
55,15,"walls",2228
55,13,"walls",2229
55,0,"walls",2230
54,49,"walls",2231
54,46,"stairs",2232
54,44,"stairs",2233
54,40,"walls",2234
54,35,"walls",2235
54,34,"walls",2236
54,24,"walls",2237
54,14,"walls",2238
54,13,"walls",2239
54,8,"doors",2240
54,0,"walls",2241
53,49,"walls",2242
53,41,"walls",2243
53,40,"walls",2244
53,35,"walls",2245
53,31,"stairs",2246
53,30,"stairs",2247
53,29,"stairs",2248
53,28,"stairs",2249
53,24,"walls",2250
53,20,"stairs",2251
53,19,"stairs",2252
53,18,"stairs",2253
53,17,"stairs",2254
53,13,"walls",2255
53,8,"walls",2256
53,7,"walls",2257
53,6,"walls",2258
53,5,"walls",2259
53,4,"walls",2260
53,3,"walls",2261
53,2,"walls",2262
53,1,"walls",2263
53,0,"walls",2264
52,49,"walls",2265
52,42,"walls",2266
52,40,"walls",2267
52,35,"walls",2268
52,24,"walls",2269
52,16,"stairs",2270
52,13,"walls",2271
52,8,"walls",2272
52,0,"walls",2273
51,49,"walls",2274
51,45,"walls",2275
51,44,"walls",2276
51,43,"walls",2277
51,42,"walls",2278
51,41,"walls",2279
51,40,"walls",2280
51,35,"walls",2281
51,24,"walls",2282
51,16,"stairs",2283
51,13,"walls",2284
51,8,"walls",2285
51,0,"walls",2286
50,49,"walls",2287
50,40,"walls",2288
50,35,"walls",2289
50,31,"stairs",2290
50,30,"stairs",2291
50,29,"stairs",2292
50,28,"stairs",2293
50,24,"walls",2294
50,20,"stairs",2295
50,19,"stairs",2296
50,18,"stairs",2297
50,17,"stairs",2298
50,13,"walls",2299
50,8,"walls",2300
50,0,"walls",2301
49,49,"walls",2302
49,40,"doors",2303
49,35,"walls",2304
49,24,"walls",2305
49,13,"walls",2306
49,8,"walls",2307
49,3,"stairs",2308
49,0,"walls",2309
48,49,"walls",2310
48,48,"walls",2311
48,47,"walls",2312
48,46,"walls",2313
48,45,"walls",2314
48,44,"walls",2315
48,43,"walls",2316
48,42,"walls",2317
48,41,"walls",2318
48,40,"walls",2319
48,35,"walls",2320
48,24,"walls",2321
48,13,"walls",2322
48,8,"walls",2323
48,3,"stairs",2324
48,0,"walls",2325
47,49,"walls",2326
47,48,"stairs",2327
47,40,"walls",2328
47,35,"walls",2329
47,34,"walls",2330
47,33,"walls",2331
47,32,"walls",2332
47,31,"walls",2333
47,30,"walls",2334
47,29,"walls",2335
47,28,"walls",2336
47,27,"walls",2337
47,26,"walls",2338
47,25,"walls",2339
47,24,"walls",2340
47,23,"walls",2341
47,22,"walls",2342
47,21,"doors",2343
47,20,"walls",2344
47,19,"walls",2345
47,18,"walls",2346
47,17,"walls",2347
47,16,"walls",2348
47,15,"walls",2349
47,14,"walls",2350
47,13,"walls",2351
47,8,"walls",2352
47,3,"stairs",2353
47,0,"walls",2354
46,49,"walls",2355
46,48,"stairs",2356
46,40,"walls",2357
46,35,"walls",2358
46,34,"walls",2359
46,33,"walls",2360
46,32,"walls",2361
46,31,"walls",2362
46,30,"walls",2363
46,29,"walls",2364
46,28,"walls",2365
46,27,"walls",2366
46,26,"walls",2367
46,25,"walls",2368
46,24,"walls",2369
46,23,"walls",2370
46,22,"walls",2371
46,21,"doors",2372
46,20,"walls",2373
46,19,"walls",2374
46,18,"walls",2375
46,17,"walls",2376
46,16,"walls",2377
46,15,"walls",2378
46,14,"walls",2379
46,13,"walls",2380
46,8,"walls",2381
46,0,"walls",2382
45,49,"walls",2383
45,48,"stairs",2384
45,40,"walls",2385
45,35,"walls",2386
45,26,"walls",2387
45,17,"walls",2388
45,16,"walls",2389
45,13,"walls",2390
45,8,"walls",2391
45,0,"walls",2392
44,49,"walls",2393
44,48,"stairs",2394
44,41,"walls",2395
44,40,"walls",2396
44,35,"walls",2397
44,26,"walls",2398
44,17,"walls",2399
44,13,"walls",2400
44,8,"walls",2401
44,0,"walls",2402
43,49,"walls",2403
43,48,"stairs",2404
43,42,"walls",2405
43,40,"walls",2406
43,35,"walls",2407
43,34,"walls",2408
43,33,"doors",2409
43,32,"walls",2410
43,31,"walls",2411
43,30,"walls",2412
43,29,"doors",2413
43,28,"walls",2414
43,26,"walls",2415
43,25,"walls",2416
43,24,"doors",2417
43,23,"walls",2418
43,22,"walls",2419
43,21,"walls",2420
43,20,"doors",2421
43,19,"walls",2422
43,17,"walls",2423
43,13,"walls",2424
43,8,"walls",2425
43,0,"walls",2426
42,49,"walls",2427
42,45,"walls",2428
42,44,"walls",2429
42,43,"walls",2430
42,42,"walls",2431
42,41,"walls",2432
42,40,"walls",2433
42,35,"walls",2434
42,32,"walls",2435
42,31,"walls",2436
42,28,"walls",2437
42,26,"walls",2438
42,23,"walls",2439
42,22,"walls",2440
42,19,"walls",2441
42,17,"walls",2442
42,13,"walls",2443
42,8,"walls",2444
42,0,"walls",2445
41,49,"walls",2446
41,40,"walls",2447
41,35,"walls",2448
41,32,"walls",2449
41,31,"walls",2450
41,28,"walls",2451
41,26,"walls",2452
41,23,"walls",2453
41,22,"walls",2454
41,19,"walls",2455
41,17,"walls",2456
41,16,"walls",2457
41,13,"doors",2458
41,8,"walls",2459
41,7,"walls",2460
41,0,"walls",2461
40,49,"walls",2462
40,40,"doors",2463
40,35,"walls",2464
40,32,"walls",2465
40,31,"walls",2466
40,28,"walls",2467
40,26,"walls",2468
40,23,"walls",2469
40,22,"walls",2470
40,19,"walls",2471
40,17,"walls",2472
40,15,"walls",2473
40,14,"walls",2474
40,13,"walls",2475
40,8,"walls",2476
40,6,"walls",2477
40,0,"walls",2478
39,49,"walls",2479
39,48,"walls",2480
39,47,"doors",2481
39,46,"walls",2482
39,45,"walls",2483
39,44,"walls",2484
39,43,"walls",2485
39,42,"walls",2486
39,41,"walls",2487
39,40,"walls",2488
39,35,"walls",2489
39,34,"walls",2490
39,33,"walls",2491
39,32,"walls",2492
39,31,"walls",2493
39,30,"walls",2494
39,29,"walls",2495
39,28,"walls",2496
39,27,"doors",2497
39,26,"walls",2498
39,25,"walls",2499
39,24,"walls",2500
39,23,"walls",2501
39,22,"walls",2502
39,21,"walls",2503
39,20,"walls",2504
39,19,"walls",2505
39,18,"doors",2506
39,17,"walls",2507
39,16,"walls",2508
39,15,"walls",2509
39,14,"walls",2510
39,13,"walls",2511
39,8,"walls",2512
39,7,"walls",2513
39,6,"walls",2514
39,5,"walls",2515
39,4,"walls",2516
39,0,"walls",2517
38,49,"walls",2518
38,46,"stairs",2519
38,44,"stairs",2520
38,40,"walls",2521
38,0,"walls",2522
37,49,"walls",2523
37,46,"stairs",2524
37,44,"stairs",2525
37,40,"walls",2526
37,8,"doors",2527
37,0,"walls",2528
36,49,"walls",2529
36,46,"stairs",2530
36,44,"stairs",2531
36,40,"walls",2532
36,8,"walls",2533
36,7,"walls",2534
36,6,"walls",2535
36,5,"walls",2536
36,4,"walls",2537
36,3,"walls",2538
36,2,"walls",2539
36,1,"walls",2540
36,0,"walls",2541
35,49,"walls",2542
35,41,"walls",2543
35,40,"walls",2544
35,8,"walls",2545
35,5,"stairs",2546
35,4,"stairs",2547
35,1,"stairs",2548
35,0,"walls",2549
34,49,"walls",2550
34,42,"walls",2551
34,40,"walls",2552
34,35,"walls",2553
34,34,"walls",2554
34,33,"walls",2555
34,32,"walls",2556
34,31,"walls",2557
34,30,"walls",2558
34,29,"walls",2559
34,28,"walls",2560
34,27,"walls",2561
34,26,"walls",2562
34,25,"walls",2563
34,24,"walls",2564
34,23,"walls",2565
34,22,"walls",2566
34,21,"walls",2567
34,20,"walls",2568
34,19,"walls",2569
34,18,"walls",2570
34,17,"walls",2571
34,16,"walls",2572
34,15,"walls",2573
34,14,"walls",2574
34,13,"walls",2575
34,8,"walls",2576
34,1,"stairs",2577
34,0,"walls",2578
33,49,"walls",2579
33,45,"walls",2580
33,44,"walls",2581
33,43,"walls",2582
33,42,"walls",2583
33,41,"walls",2584
33,40,"walls",2585
33,35,"walls",2586
33,13,"walls",2587
33,1,"stairs",2588
33,0,"walls",2589
32,49,"walls",2590
32,40,"walls",2591
32,35,"walls",2592
32,13,"walls",2593
32,0,"walls",2594
31,49,"walls",2595
31,40,"doors",2596
31,35,"walls",2597
31,32,"walls",2598
31,30,"stairs",2599
31,28,"walls",2600
31,26,"stairs",2601
31,24,"walls",2602
31,22,"stairs",2603
31,20,"walls",2604
31,18,"stairs",2605
31,16,"walls",2606
31,13,"walls",2607
31,0,"walls",2608
30,49,"walls",2609
30,48,"walls",2610
30,47,"doors",2611
30,46,"walls",2612
30,45,"walls",2613
30,44,"walls",2614
30,43,"walls",2615
30,42,"walls",2616
30,41,"walls",2617
30,40,"walls",2618
30,35,"walls",2619
30,32,"walls",2620
30,31,"stairs",2621
30,30,"stairs",2622
30,29,"stairs",2623
30,28,"walls",2624
30,27,"stairs",2625
30,26,"stairs",2626
30,25,"stairs",2627
30,24,"walls",2628
30,23,"stairs",2629
30,22,"stairs",2630
30,21,"stairs",2631
30,20,"walls",2632
30,19,"stairs",2633
30,18,"stairs",2634
30,17,"stairs",2635
30,16,"walls",2636
30,13,"walls",2637
30,1,"stairs",2638
30,0,"walls",2639
29,49,"walls",2640
29,46,"stairs",2641
29,44,"stairs",2642
29,40,"walls",2643
29,35,"walls",2644
29,32,"walls",2645
29,31,"walls",2646
29,30,"walls",2647
29,29,"walls",2648
29,28,"walls",2649
29,27,"walls",2650
29,26,"walls",2651
29,25,"walls",2652
29,24,"walls",2653
29,23,"walls",2654
29,22,"walls",2655
29,21,"walls",2656
29,20,"walls",2657
29,19,"walls",2658
29,18,"walls",2659
29,17,"walls",2660
29,16,"walls",2661
29,13,"walls",2662
29,8,"walls",2663
29,1,"stairs",2664
29,0,"walls",2665
28,49,"walls",2666
28,46,"stairs",2667
28,44,"stairs",2668
28,40,"walls",2669
28,35,"walls",2670
28,32,"walls",2671
28,30,"stairs",2672
28,29,"stairs",2673
28,28,"walls",2674
28,26,"stairs",2675
28,25,"stairs",2676
28,24,"walls",2677
28,23,"stairs",2678
28,22,"stairs",2679
28,20,"walls",2680
28,19,"stairs",2681
28,18,"stairs",2682
28,16,"walls",2683
28,13,"walls",2684
28,8,"walls",2685
28,5,"stairs",2686
28,4,"stairs",2687
28,1,"stairs",2688
28,0,"walls",2689
27,49,"walls",2690
27,46,"stairs",2691
27,44,"stairs",2692
27,40,"walls",2693
27,35,"walls",2694
27,32,"walls",2695
27,29,"stairs",2696
27,28,"walls",2697
27,25,"stairs",2698
27,24,"walls",2699
27,23,"stairs",2700
27,20,"walls",2701
27,19,"stairs",2702
27,16,"walls",2703
27,13,"walls",2704
27,8,"walls",2705
27,7,"walls",2706
27,6,"walls",2707
27,5,"walls",2708
27,4,"walls",2709
27,3,"walls",2710
27,2,"walls",2711
27,1,"walls",2712
27,0,"walls",2713
26,49,"walls",2714
26,41,"walls",2715
26,40,"walls",2716
26,35,"walls",2717
26,13,"walls",2718
26,8,"walls",2719
26,0,"walls",2720
25,49,"walls",2721
25,42,"walls",2722
25,40,"walls",2723
25,35,"doors",2724
25,13,"doors",2725
25,8,"doors",2726
25,0,"walls",2727
24,49,"walls",2728
24,45,"walls",2729
24,44,"walls",2730
24,43,"walls",2731
24,42,"walls",2732
24,41,"walls",2733
24,40,"walls",2734
24,35,"walls",2735
24,13,"walls",2736
24,8,"walls",2737
24,0,"walls",2738
23,49,"walls",2739
23,40,"walls",2740
23,35,"walls",2741
23,32,"walls",2742
23,31,"stairs",2743
23,28,"walls",2744
23,27,"stairs",2745
23,24,"walls",2746
23,21,"stairs",2747
23,20,"walls",2748
23,17,"stairs",2749
23,16,"walls",2750
23,13,"walls",2751
23,8,"walls",2752
23,7,"walls",2753
23,6,"walls",2754
23,5,"walls",2755
23,4,"walls",2756
23,3,"walls",2757
23,2,"walls",2758
23,1,"walls",2759
23,0,"walls",2760
22,49,"walls",2761
22,40,"doors",2762
22,35,"walls",2763
22,32,"walls",2764
22,31,"stairs",2765
22,30,"stairs",2766
22,28,"walls",2767
22,27,"stairs",2768
22,26,"stairs",2769
22,24,"walls",2770
22,22,"stairs",2771
22,21,"stairs",2772
22,20,"walls",2773
22,18,"stairs",2774
22,17,"stairs",2775
22,16,"walls",2776
22,13,"walls",2777
22,0,"walls",2778
21,49,"walls",2779
21,48,"walls",2780
21,47,"doors",2781
21,46,"walls",2782
21,45,"walls",2783
21,44,"walls",2784
21,43,"walls",2785
21,42,"walls",2786
21,41,"walls",2787
21,40,"walls",2788
21,35,"walls",2789
21,32,"walls",2790
21,31,"walls",2791
21,30,"walls",2792
21,29,"walls",2793
21,28,"walls",2794
21,27,"walls",2795
21,26,"walls",2796
21,25,"walls",2797
21,24,"walls",2798
21,23,"walls",2799
21,22,"walls",2800
21,21,"walls",2801
21,20,"walls",2802
21,19,"walls",2803
21,18,"walls",2804
21,17,"walls",2805
21,16,"walls",2806
21,13,"walls",2807
21,7,"walls",2808
21,0,"walls",2809
20,49,"walls",2810
20,46,"stairs",2811
20,40,"walls",2812
20,35,"walls",2813
20,32,"walls",2814
20,31,"stairs",2815
20,30,"stairs",2816
20,29,"stairs",2817
20,28,"walls",2818
20,27,"stairs",2819
20,26,"stairs",2820
20,25,"stairs",2821
20,24,"walls",2822
20,23,"stairs",2823
20,22,"stairs",2824
20,21,"stairs",2825
20,20,"walls",2826
20,19,"stairs",2827
20,18,"stairs",2828
20,17,"stairs",2829
20,16,"walls",2830
20,13,"walls",2831
20,0,"walls",2832
19,49,"walls",2833
19,46,"stairs",2834
19,40,"walls",2835
19,35,"walls",2836
19,32,"walls",2837
19,30,"stairs",2838
19,28,"walls",2839
19,26,"stairs",2840
19,24,"walls",2841
19,22,"stairs",2842
19,20,"walls",2843
19,18,"stairs",2844
19,16,"walls",2845
19,13,"walls",2846
19,7,"walls",2847
19,0,"walls",2848
18,49,"walls",2849
18,46,"stairs",2850
18,40,"walls",2851
18,35,"walls",2852
18,13,"walls",2853
18,12,"walls",2854
18,0,"walls",2855
17,49,"walls",2856
17,41,"walls",2857
17,40,"walls",2858
17,35,"walls",2859
17,13,"walls",2860
17,11,"walls",2861
17,7,"walls",2862
17,0,"walls",2863
16,49,"walls",2864
16,42,"walls",2865
16,40,"walls",2866
16,35,"walls",2867
16,34,"walls",2868
16,33,"walls",2869
16,32,"walls",2870
16,31,"walls",2871
16,30,"walls",2872
16,29,"walls",2873
16,28,"walls",2874
16,27,"walls",2875
16,26,"walls",2876
16,25,"walls",2877
16,24,"walls",2878
16,23,"walls",2879
16,22,"walls",2880
16,21,"walls",2881
16,20,"walls",2882
16,19,"walls",2883
16,18,"walls",2884
16,17,"walls",2885
16,16,"walls",2886
16,15,"walls",2887
16,14,"walls",2888
16,13,"walls",2889
16,12,"walls",2890
16,11,"walls",2891
16,10,"walls",2892
16,9,"walls",2893
16,8,"walls",2894
16,7,"walls",2895
16,6,"walls",2896
16,5,"doors",2897
16,4,"doors",2898
16,3,"walls",2899
16,2,"doors",2900
16,1,"doors",2901
16,0,"walls",2902
15,49,"walls",2903
15,45,"walls",2904
15,44,"walls",2905
15,43,"walls",2906
15,42,"walls",2907
15,41,"walls",2908
15,40,"walls",2909
15,35,"walls",2910
15,3,"walls",2911
15,0,"walls",2912
14,49,"walls",2913
14,40,"walls",2914
14,35,"walls",2915
14,21,"walls",2916
14,3,"walls",2917
14,0,"walls",2918
13,49,"walls",2919
13,40,"doors",2920
13,35,"walls",2921
13,21,"walls",2922
13,3,"walls",2923
13,0,"walls",2924
12,49,"walls",2925
12,48,"walls",2926
12,47,"walls",2927
12,46,"walls",2928
12,45,"walls",2929
12,44,"walls",2930
12,43,"walls",2931
12,42,"walls",2932
12,41,"walls",2933
12,40,"walls",2934
12,35,"walls",2935
12,22,"walls",2936
12,3,"walls",2937
12,0,"walls",2938
11,49,"walls",2939
11,46,"stairs",2940
11,44,"stairs",2941
11,40,"walls",2942
11,35,"walls",2943
11,22,"walls",2944
11,3,"walls",2945
11,0,"walls",2946
10,49,"walls",2947
10,46,"stairs",2948
10,44,"stairs",2949
10,40,"walls",2950
10,35,"walls",2951
10,22,"walls",2952
10,3,"walls",2953
10,0,"walls",2954
9,49,"walls",2955
9,46,"stairs",2956
9,44,"stairs",2957
9,40,"walls",2958
9,35,"walls",2959
9,23,"walls",2960
9,3,"walls",2961
9,0,"walls",2962
8,49,"walls",2963
8,41,"walls",2964
8,40,"walls",2965
8,35,"walls",2966
8,24,"walls",2967
8,3,"walls",2968
8,0,"walls",2969
7,49,"walls",2970
7,42,"walls",2971
7,40,"walls",2972
7,35,"walls",2973
7,24,"walls",2974
7,3,"walls",2975
7,0,"walls",2976
6,49,"walls",2977
6,45,"walls",2978
6,44,"walls",2979
6,43,"walls",2980
6,42,"walls",2981
6,41,"walls",2982
6,40,"walls",2983
6,35,"walls",2984
6,25,"walls",2985
6,24,"walls",2986
6,23,"walls",2987
6,22,"walls",2988
6,21,"walls",2989
6,20,"walls",2990
6,19,"walls",2991
6,18,"walls",2992
6,17,"walls",2993
6,16,"walls",2994
6,15,"walls",2995
6,14,"walls",2996
6,13,"walls",2997
6,12,"walls",2998
6,11,"walls",2999
6,10,"walls",3000
6,9,"walls",3001
6,8,"walls",3002
6,7,"walls",3003
6,3,"walls",3004
6,0,"walls",3005
5,49,"walls",3006
5,40,"walls",3007
5,35,"walls",3008
5,27,"walls",3009
5,26,"walls",3010
5,0,"walls",3011
4,49,"walls",3012
4,40,"doors",3013
4,35,"walls",3014
4,28,"walls",3015
4,0,"walls",3016
3,49,"walls",3017
3,48,"walls",3018
3,47,"walls",3019
3,46,"walls",3020
3,45,"walls",3021
3,44,"walls",3022
3,43,"walls",3023
3,42,"walls",3024
3,41,"walls",3025
3,40,"walls",3026
3,39,"walls",3027
3,38,"walls",3028
3,37,"walls",3029
3,36,"walls",3030
3,35,"walls",3031
3,31,"walls",3032
3,30,"walls",3033
3,29,"walls",3034
3,0,"walls",3035
2,49,"walls",3036
2,34,"walls",3037
2,33,"walls",3038
2,32,"walls",3039
2,0,"walls",3040
1,49,"walls",3041
1,0,"walls",3042
0,49,"walls",3043
0,0,"walls",3044
35,2,"green victims",3123
30,4,"green victims",3124
35,7,"yellow victims",3125
48,4,"green victims",3126
50,5,"green victims",3127
48,6,"green victims",3128
74,6,"green victims",3129
87,4,"green victims",3130
89,13,"green victims",3131
82,18,"yellow victims",3132
78,21,"yellow victims",3133
83,21,"green victims",3134
83,25,"green victims",3135
83,27,"green victims",3136
82,33,"green victims",3137
83,42,"green victims",3138
81,48,"green victims",3139
63,47,"green victims",3140
45,47,"yellow victims",3141
37,47,"green victims",3142
27,43,"green victims",3143
29,48,"green victims",3144
20,43,"yellow victims",3145
19,47,"yellow victims",3146
16,47,"green victims",3147
22,25,"green victims",3148
31,31,"yellow victims",3149
40,33,"green victims",3150
40,20,"green victims",3151
45,25,"green victims",3152
48,23,"yellow victims",3153
48,34,"green victims",3154
67,18,"yellow victims",3155
65,30,"yellow victims",3156
64,9,"walls",3157
64,10,"walls",3158
64,11,"walls",3159
64,12,"walls",3160
33,36,"walls",3161
33,37,"walls",3162
33,38,"walls",3163
33,39,"walls",3164
